{
    "aaccuracy": 0.6771084337349398,
    "precision": 0.7716535433070866,
    "recall": 0.4827586206896552,
    "auc": 0.7427409610558602
}